X,Y,PC,PQ,EA,NO,CY,RH,LH,CC,DC,WC
-1.41507481394846,50.9103765653593,SO155AA,10,441221,112493,E92000001,E19000002,E18000009,,E06000045,E05002455
-1.41516610860822,50.9144417023015,SO155AD,10,441211,112945,E92000001,E19000002,E18000009,,E06000045,E05002455
-1.41504557251679,50.9161137313375,SO155AE,10,441218,113131,E92000001,E19000002,E18000009,,E06000045,E05002461
-1.41500846180757,50.9179390527552,SO155AF,10,441219,113334,E92000001,E19000002,E18000009,,E06000045,E05002461
-1.41910142210333,50.9194162949298,SO155AG,10,440930,113496,E92000001,E19000002,E18000009,,E06000045,E05002467
-1.41664970837648,50.9186576827808,SO155AH,10,441103,113413,E92000001,E19000002,E18000009,,E06000045,E05002461
-1.4178165333518,50.9186365283801,SO155AJ,10,441021,113410,E92000001,E19000002,E18000009,,E06000045,E05002461
-1.41975669918177,50.919347611888,SO155AL,10,440884,113488,E92000001,E19000002,E18000009,,E06000045,E05002461
-1.42042393151401,50.921751960478,SO155AN,10,440835,113755,E92000001,E19000002,E18000009,,E06000045,E05002467
-1.42017109717404,50.9214899187572,SO155AP,10,440853,113726,E92000001,E19000002,E18000009,,E06000045,E05002467
-1.42154099684704,50.9200129277073,SO155AQ,10,440758,113561,E92000001,E19000002,E18000009,,E06000045,E05002461
-1.4216452599836,50.919635753275,SO155AR,10,440751,113519,E92000001,E19000002,E18000009,,E06000045,E05002461
-1.419778417526,50.9187452127739,SO155AS,10,440883,113421,E92000001,E19000002,E18000009,,E06000045,E05002461
-1.41983979219519,50.9183858120135,SO155AT,10,440879,113381,E92000001,E19000002,E18000009,,E06000045,E05002461
-1.41877916116113,50.9178769492719,SO155AU,10,440954,113325,E92000001,E19000002,E18000009,,E06000045,E05002461
-1.4183098406207,50.9178656195436,SO155AW,10,440987,113324,E92000001,E19000002,E18000009,,E06000045,E05002461
-1.41574813264195,50.90999325229,SO155AX,10,441174,112450,E92000001,E19000002,E18000009,,E06000045,E05002461
-1.41597720505371,50.9110105685396,SO155AY,10,441157,112563,E92000001,E19000002,E18000009,,E06000045,E05002461
-1.41599574889943,50.9118020149593,SO155AZ,10,441155,112651,E92000001,E19000002,E18000009,,E06000045,E05002461
-1.41600967949955,50.9129621369748,SO155BA,10,441153,112780,E92000001,E19000002,E18000009,,E06000045,E05002461
-1.41756831167027,50.9145885994458,SO155BB,10,441042,112960,E92000001,E19000002,E18000009,,E06000045,E05002461
-1.41931800395353,50.9145883215005,SO155BD,10,440919,112959,E92000001,E19000002,E18000009,,E06000045,E05002461
-1.42076943397569,50.914550567506,SO155BE,10,440817,112954,E92000001,E19000002,E18000009,,E06000045,E05002461
-1.4325996106904,50.9266677796739,SO155BF,10,439975,114295,E92000001,E19000002,E18000009,,E06000045,E05002467
-1.4218363623286,50.9145468627831,SO155BG,10,440742,112953,E92000001,E19000002,E18000009,,E06000045,E05002461
-1.42287417484478,50.9145969602912,SO155BH,10,440669,112958,E92000001,E19000002,E18000009,,E06000045,E05002461
-1.42083609075065,50.9149106041015,SO155BJ,10,440812,112994,E92000001,E19000002,E18000009,,E06000045,E05002461
-1.4192995273383,50.9149299502756,SO155BL,10,440920,112997,E92000001,E19000002,E18000009,,E06000045,E05002461
-1.417948103546,50.9149322139871,SO155BN,10,441015,112998,E92000001,E19000002,E18000009,,E06000045,E05002461
-1.41656834352409,50.9149253278212,SO155BP,10,441112,112998,E92000001,E19000002,E18000009,,E06000045,E05002461
-1.41745033110074,50.9160628052793,SO155BQ,10,441049,113124,E92000001,E19000002,E18000009,,E06000045,E05002461
-1.416838894842,50.9160417678317,SO155BR,10,441092,113122,E92000001,E19000002,E18000009,,E06000045,E05002461
-1.41652938211179,50.9169035157381,SO155BS,10,441113,113218,E92000001,E19000002,E18000009,,E06000045,E05002461
-1.41652443435982,50.9172991674547,SO155BT,10,441113,113262,E92000001,E19000002,E18000009,,E06000045,E05002461
-1.41790897625584,50.9169283867288,SO155BU,10,441016,113220,E92000001,E19000002,E18000009,,E06000045,E05002461
-1.41919000475445,50.9168718173578,SO155BW,10,440926,113213,E92000001,E19000002,E18000009,,E06000045,E05002461
-1.41897159187794,50.9172753997718,SO155BX,10,440941,113258,E92000001,E19000002,E18000009,,E06000045,E05002461
-1.41767700035457,50.9172779432472,SO155BY,10,441032,113259,E92000001,E19000002,E18000009,,E06000045,E05002461
-1.41737018966554,50.9179238831917,SO155BZ,10,441053,113331,E92000001,E19000002,E18000009,,E06000045,E05002461
-1.41678695473117,50.9179209715249,SO155DA,10,441094,113331,E92000001,E19000002,E18000009,,E06000045,E05002461
-1.41567580947116,50.9180413133583,SO155DB,10,441172,113345,E92000001,E19000002,E18000009,,E06000045,E05002461
-1.41571886202664,50.915739411174,SO155DD,10,441171,113089,E92000001,E19000002,E18000009,,E06000045,E05002461
-1.41675559324309,50.9101871350343,SO155DE,10,441103,112471,E92000001,E19000002,E18000009,,E06000045,E05002461
-1.41784626876203,50.9105522844683,SO155DF,10,441026,112511,E92000001,E19000002,E18000009,,E06000045,E05002461
-1.41782363276069,50.9112266207653,SO155DG,10,441027,112586,E92000001,E19000002,E18000009,,E06000045,E05002461
-1.41780447365757,50.9116222020394,SO155DH,10,441028,112630,E92000001,E19000002,E18000009,,E06000045,E05002461
-1.41739364741228,50.9126273300372,SO155DJ,10,441056,112742,E92000001,E19000002,E18000009,,E06000045,E05002461
-1.41835167424089,50.9122274370558,SO155DL,10,440989,112697,E92000001,E19000002,E18000009,,E06000045,E05002461
-1.42014082009525,50.9124791377329,SO155DN,10,440863,112724,E92000001,E19000002,E18000009,,E06000045,E05002461
-1.41912825899497,50.9126899283756,SO155DP,10,440934,112748,E92000001,E19000002,E18000009,,E06000045,E05002461
-1.41839175760806,50.9135765345596,SO155DQ,10,440985,112847,E92000001,E19000002,E18000009,,E06000045,E05002461
-1.41888847507304,50.9136689342538,SO155DR,10,440950,112857,E92000001,E19000002,E18000009,,E06000045,E05002461
-1.41829059604641,50.9159860606412,SO155DS,10,440990,113115,E92000001,E19000002,E18000009,,E06000045,E05002461
-1.41880201162848,50.9160425632579,SO155DT,10,440954,113121,E92000001,E19000002,E18000009,,E06000045,E05002461
-1.41982451113299,50.9161825380554,SO155DU,10,440882,113136,E92000001,E19000002,E18000009,,E06000045,E05002461
-1.42034363873057,50.9156185795914,SO155DW,10,440846,113073,E92000001,E19000002,E18000009,,E06000045,E05002461
-1.42036441532747,50.9139460500763,SO155DX,10,440846,112887,E92000001,E19000002,E18000009,,E06000045,E05002461
-1.41975904325989,50.9134394548421,SO155DY,10,440889,112831,E92000001,E19000002,E18000009,,E06000045,E05002461
-1.4202485762842,50.9129652760287,SO155DZ,10,440855,112778,E92000001,E19000002,E18000009,,E06000045,E05002461
-1.4210905107015,50.9138956964569,SO155EA,10,440795,112881,E92000001,E19000002,E18000009,,E06000045,E05002461
-1.42076000952698,50.9141638368367,SO155EB,10,440818,112911,E92000001,E19000002,E18000009,,E06000045,E05002461
-1.42275059176407,50.9153877023735,SO155ED,10,440677,113046,E92000001,E19000002,E18000009,,E06000045,E05002461
-1.42223750830809,50.9154660984961,SO155EE,10,440713,113055,E92000001,E19000002,E18000009,,E06000045,E05002461
-1.42071754267054,50.9164387660444,SO155EF,10,440819,113164,E92000001,E19000002,E18000009,,E06000045,E05002461
-1.42106697096604,50.9157930285488,SO155EG,10,440795,113092,E92000001,E19000002,E18000009,,E06000045,E05002461
-1.41963220787352,50.9167750970348,SO155EH,10,440895,113202,E92000001,E19000002,E18000009,,E06000045,E05002461
-1.42392825506016,50.9179384369831,SO155EJ,10,440592,113329,E92000001,E19000002,E18000009,,E06000045,E05002461
-1.42511127895398,50.9177554220696,SO155EL,10,440509,113308,E92000001,E19000002,E18000009,,E06000045,E05002461
-1.42314830611372,50.9188878064942,SO155EN,10,440646,113435,E92000001,E19000002,E18000009,,E06000045,E05002461
-1.42543513678666,50.9180267953961,SO155EP,10,440486,113338,E92000001,E19000002,E18000009,,E06000045,E05002461
-1.42400028510892,50.91901790935,SO155EQ,10,440586,113449,E92000001,E19000002,E18000009,,E06000045,E05002461
-1.42586001454669,50.9181817602277,SO155ER,10,440456,113355,E92000001,E19000002,E18000009,,E06000045,E05002461
-1.42372277927728,50.9196010617414,SO155ES,10,440605,113514,E92000001,E19000002,E18000009,,E06000045,E05002461
-1.42252258345778,50.9200177863359,SO155ET,10,440689,113561,E92000001,E19000002,E18000009,,E06000045,E05002461
-1.4220054719238,50.9192688386027,SO155EU,10,440726,113478,E92000001,E19000002,E18000009,,E06000045,E05002461
-1.42296981445762,50.9195164094392,SO155EW,10,440658,113505,E92000001,E19000002,E18000009,,E06000045,E05002461
-1.42212395514706,50.9188917340932,SO155EX,10,440718,113436,E92000001,E19000002,E18000009,,E06000045,E05002461
-1.42111137503174,50.9190935491863,SO155EY,10,440789,113459,E92000001,E19000002,E18000009,,E06000045,E05002461
-1.42084683058157,50.919775678104,SO155EZ,10,440807,113535,E92000001,E19000002,E18000009,,E06000045,E05002461
-1.41510934703961,50.9155654992391,SO155FA,10,441214,113070,E92000001,E19000002,E18000009,,E06000045,E05002461
-1.42173035099523,50.9208052178954,SO155FB,10,440744,113649,E92000001,E19000002,E18000009,,E06000045,E05002461
-1.42317952152672,50.9221163181044,SO155FD,10,440641,113794,E92000001,E19000002,E18000009,,E06000045,E05002467
-1.42419417601617,50.9229036852469,SO155FE,10,440569,113881,E92000001,E19000002,E18000009,,E06000045,E05002467
-1.42280673887163,50.9223482845621,SO155FF,10,440667,113820,E92000001,E19000002,E18000009,,E06000045,E05002467
-1.42169576799633,50.9212996417493,SO155FG,10,440746,113704,E92000001,E19000002,E18000009,,E06000045,E05002467
-1.42113352291437,50.9207483048489,SO155FH,10,440786,113643,E92000001,E19000002,E18000009,,E06000045,E05002467
-1.42097313652861,50.9187691286445,SO155FJ,10,440799,113423,E92000001,E19000002,E18000009,,E06000045,E05002461
-1.41998897685931,50.9178290092478,SO155FL,10,440869,113319,E92000001,E19000002,E18000009,,E06000045,E05002461
-1.42074190890517,50.9179136806894,SO155FN,10,440816,113328,E92000001,E19000002,E18000009,,E06000045,E05002461
-1.42287814389553,50.9177264206342,SO155FP,10,440666,113306,E92000001,E19000002,E18000009,,E06000045,E05002461
-1.42261652644818,50.9181747594242,SO155FQ,10,440684,113356,E92000001,E19000002,E18000009,,E06000045,E05002461
-1.42440634160392,50.917239368534,SO155FR,10,440559,113251,E92000001,E19000002,E18000009,,E06000045,E05002461
-1.42418661983992,50.9165998074645,SO155FS,10,440575,113180,E92000001,E19000002,E18000009,,E06000045,E05002461
-1.42472616664289,50.9166834007605,SO155FT,10,440537,113189,E92000001,E19000002,E18000009,,E06000045,E05002461
-1.42612388104511,50.9187046305648,SO155FU,10,440437,113413,E92000001,E19000002,E18000009,,E06000045,E05002467
-1.4267633658641,50.9187617275785,SO155FW,10,440392,113419,E92000001,E19000002,E18000009,,E06000045,E05002467
-1.42585952270182,50.9193777790337,SO155FX,10,440455,113488,E92000001,E19000002,E18000009,,E06000045,E05002467
-1.4272094196344,50.9195103056383,SO155FY,10,440360,113502,E92000001,E19000002,E18000009,,E06000045,E05002467
-1.42741574285488,50.9200868464413,SO155FZ,10,440345,113566,E92000001,E19000002,E18000009,,E06000045,E05002467
-1.42826080305949,50.919623370073,SO155GA,10,440286,113514,E92000001,E19000002,E18000009,,E06000045,E05002467
-1.42856517955828,50.9203262858067,SO155GB,10,440264,113592,E92000001,E19000002,E18000009,,E06000045,E05002467
-1.42947333462962,50.920519571986,SO155GD,10,440200,113613,E92000001,E19000002,E18000009,,E06000045,E05002467
-1.4281142528411,50.9211334155258,SO155GE,10,440295,113682,E92000001,E19000002,E18000009,,E06000045,E05002467
-1.42816630807252,50.9215293464515,SO155GF,10,440291,113726,E92000001,E19000002,E18000009,,E06000045,E05002467
-1.427296181404,50.9217139274015,SO155GG,10,440352,113747,E92000001,E19000002,E18000009,,E06000045,E05002467
-1.42627327705159,50.922752051664,SO155GH,10,440423,113863,E92000001,E19000002,E18000009,,E06000045,E05002467
-1.42544276907518,50.919717449418,SO155GJ,10,440484,113526,E92000001,E19000002,E18000009,,E06000045,E05002467
-1.42375434992469,50.920500481499,SO155GL,10,440602,113614,E92000001,E19000002,E18000009,,E06000045,E05002467
-1.42665690635865,50.9204787989839,SO155GN,10,440398,113610,E92000001,E19000002,E18000009,,E06000045,E05002467
-1.42643931469563,50.9208194506091,SO155GP,10,440413,113648,E92000001,E19000002,E18000009,,E06000045,E05002467
-1.42468170435425,50.9202892309816,SO155GQ,10,440537,113590,E92000001,E19000002,E18000009,,E06000045,E05002467
-1.42562333159004,50.9212291009763,SO155GR,10,440470,113694,E92000001,E19000002,E18000009,,E06000045,E05002467
-1.42543495685018,50.9215069459609,SO155GS,10,440483,113725,E92000001,E19000002,E18000009,,E06000045,E05002467
-1.42383448664026,50.9209235309542,SO155GT,10,440596,113661,E92000001,E19000002,E18000009,,E06000045,E05002467
-1.42323120640496,50.9213881698066,SO155GU,10,440638,113713,E92000001,E19000002,E18000009,,E06000045,E05002467
-1.42392429842631,50.9217153261786,SO155GW,10,440589,113749,E92000001,E19000002,E18000009,,E06000045,E05002467
-1.42503152082654,50.9219186214105,SO155GX,10,440511,113771,E92000001,E19000002,E18000009,,E06000045,E05002467
-1.42424640093932,50.922130576105,SO155GY,10,440566,113795,E92000001,E19000002,E18000009,,E06000045,E05002467
-1.42452849142826,50.9223298046652,SO155GZ,10,440546,113817,E92000001,E19000002,E18000009,,E06000045,E05002467
-1.42493740497985,50.9226285761671,SO155HA,10,440517,113850,E92000001,E19000002,E18000009,,E06000045,E05002467
-1.42524817652636,50.9228099589366,SO155HB,10,440495,113870,E92000001,E19000002,E18000009,,E06000045,E05002467
-1.42475836825058,50.9233021419154,SO155HD,10,440529,113925,E92000001,E19000002,E18000009,,E06000045,E05002467
-1.4257626116629,50.9237836943746,SO155HE,10,440458,113978,E92000001,E19000002,E18000009,,E06000045,E05002467
-1.42534747935878,50.9239884827106,SO155HF,10,440487,114001,E92000001,E19000002,E18000009,,E06000045,E05002467
-1.42383351909536,50.9244576319061,SO155HG,10,440593,114054,E92000001,E19000002,E18000009,,E06000045,E05002467
-1.42363744858082,50.9242048705715,SO155HH,10,440607,114026,E92000001,E19000002,E18000009,,E06000045,E05002467
-1.42434367974064,50.9234709583497,SO155HJ,10,440558,113944,E92000001,E19000002,E18000009,,E06000045,E05002467
-1.42324842692631,50.9234475685189,SO155HL,10,440635,113942,E92000001,E19000002,E18000009,,E06000045,E05002467
-1.42320129857685,50.9238070411,SO155HN,10,440638,113982,E92000001,E19000002,E18000009,,E06000045,E05002467
-1.4226048754789,50.9237141671343,SO155HP,10,440680,113972,E92000001,E19000002,E18000009,,E06000045,E05002467
-1.4222777931632,50.9225524993952,SO155HQ,10,440704,113843,E92000001,E19000002,E18000009,,E06000045,E05002467
-1.42245416752534,50.9232458048246,SO155HR,10,440691,113920,E92000001,E19000002,E18000009,,E06000045,E05002467
-1.42151245246591,50.9223149017587,SO155HS,10,440758,113817,E92000001,E19000002,E18000009,,E06000045,E05002467
-1.42145420785361,50.922422524833,SO155HT,10,440762,113829,E92000001,E19000002,E18000009,,E06000045,E05002467
-1.42082890623259,50.9223654692,SO155HU,10,440806,113823,E92000001,E19000002,E18000009,,E06000045,E05002467
-1.43198017442252,50.9226180847521,SO155HW,10,440022,113845,E92000001,E19000002,E18000009,,E06000045,E05002467
-1.42042229401727,50.9230289068041,SO155HX,10,440834,113897,E92000001,E19000002,E18000009,,E06000045,E05002467
-1.42076708707518,50.9227608385728,SO155HY,10,440810,113867,E92000001,E19000002,E18000009,,E06000045,E05002467
-1.41946259274905,50.9224036474961,SO155HZ,10,440902,113828,E92000001,E19000002,E18000009,,E06000045,E05002467
-1.41711558173519,50.9212229122376,SO155JA,10,441068,113698,E92000001,E19000002,E18000009,,E06000045,E05002467
-1.41932456839159,50.9209191758525,SO155JB,10,440913,113663,E92000001,E19000002,E18000009,,E06000045,E05002467
-1.41973421910383,50.9211550209173,SO155JD,10,440884,113689,E92000001,E19000002,E18000009,,E06000045,E05002467
-1.41886204993374,50.9203593311754,SO155JE,10,440946,113601,E92000001,E19000002,E18000009,,E06000045,E05002467
-1.41781246883489,50.9201023088391,SO155JF,10,441020,113573,E92000001,E19000002,E18000009,,E06000045,E05002467
-1.42374560856157,50.9258150854953,SO155JG,10,440598,114205,E92000001,E19000002,E18000009,,E06000045,E05002467
-1.42427915656014,50.9263932455946,SO155JH,10,440560,114269,E92000001,E19000002,E18000009,,E06000045,E05002467
-1.4247709208764,50.9268992563266,SO155JJ,10,440525,114325,E92000001,E19000002,E18000009,,E06000045,E05002467
-1.42537519166218,50.9275137301408,SO155JL,10,440482,114393,E92000001,E19000002,E18000009,,E06000045,E05002467
-1.42475037139492,50.9274117349093,SO155JN,10,440526,114382,E92000001,E19000002,E18000009,,E06000045,E05002467
-1.42380908234007,50.9264358901953,SO155JP,10,440593,114274,E92000001,E19000002,E18000009,,E06000045,E05002467
-1.42297287618822,50.9250199180223,SO155JQ,10,440653,114117,E92000001,E19000002,E18000009,,E06000045,E05002467
-1.42258650957658,50.9251978607847,SO155JR,10,440680,114137,E92000001,E19000002,E18000009,,E06000045,E05002467
-1.42232643293337,50.9243692522511,SO155JS,10,440699,114045,E92000001,E19000002,E18000009,,E06000045,E05002467
-1.42120850767961,50.923878114185,SO155JT,10,440778,113991,E92000001,E19000002,E18000009,,E06000045,E05002467
-1.4218912956059,50.9238904891837,SO155JU,10,440730,113992,E92000001,E19000002,E18000009,,E06000045,E05002467
-1.42753975316276,50.9273714869259,SO155JW,10,440330,114376,E92000001,E19000002,E18000009,,E06000045,E05002467
-1.42712172488857,50.9278100755818,SO155JX,10,440359,114425,E92000001,E19000002,E18000009,,E06000045,E05002467
-1.42680165757672,50.9272239841673,SO155JY,10,440382,114360,E92000001,E19000002,E18000009,,E06000045,E05002467
-1.42782949877509,50.9281103023594,SO155JZ,10,440309,114458,E92000001,E19000002,E18000009,,E06000045,E05002467
-1.42682268272165,50.9289866420989,SO155LA,10,440379,114556,E92000001,E19000002,E18000009,,E06000045,E05002467
-1.42592959894938,50.9287124763021,SO155LB,10,440442,114526,E92000001,E19000002,E18000009,,E06000045,E05002467
-1.43261534545916,50.9230348338873,SO155LF,10,439977,113891,E92000001,E19000002,E18000009,,E06000045,E05002467
-1.43230432475694,50.9228714548363,SO155LG,10,439999,113873,E92000001,E19000002,E18000009,,E06000045,E05002467
-1.43310235705984,50.9239364623942,SO155LH,10,439942,113991,E92000001,E19000002,E18000009,,E06000045,E05002467
-1.43362839899257,50.9227969508741,SO155LJ,10,439906,113864,E92000001,E19000002,E18000009,,E06000045,E05002467
-1.43444286788008,50.9236821763498,SO155LL,10,439848,113962,E92000001,E19000002,E18000009,,E06000045,E05002467
-1.42920125575957,50.9276404064995,SO155LN,10,440213,114405,E92000001,E19000002,E18000009,,E06000045,E05002467
-1.42029958551582,50.9180193972574,SO155LP,10,440847,113340,E92000001,E19000002,E18000009,,E06000045,E05002461
-1.43165267708066,50.9273106437606,SO155LS,10,440041,114367,E92000001,E19000002,E18000009,,E06000045,E05002467
-1.42990872103003,50.9256385065942,SO155LU,10,440165,114182,E92000001,E19000002,E18000009,,E06000045,E05002467
-1.42945442690015,50.925555354137,SO155LW,10,440197,114173,E92000001,E19000002,E18000009,,E06000045,E05002467
-1.43038389502995,50.9263422504808,SO155LX,10,440131,114260,E92000001,E19000002,E18000009,,E06000045,E05002467
-1.43110238613467,50.9269302738339,SO155LY,10,440080,114325,E92000001,E19000002,E18000009,,E06000045,E05002467
-1.4285532571056,50.9271066722486,SO155LZ,10,440259,114346,E92000001,E19000002,E18000009,,E06000045,E05002467
-1.42854952708669,50.9285724520363,SO155NA,10,440258,114509,E92000001,E19000002,E18000009,,E06000045,E05002467
-1.42922057853907,50.928386888869,SO155NB,10,440211,114488,E92000001,E19000002,E18000009,,E06000045,E05002467
-1.4157348129181,50.9167376749149,SO155ND,10,441169,113200,E92000001,E19000002,E18000009,,E06000045,E05002461
-1.42971852165923,50.9214110407001,SO155NF,10,440182,113712,E92000001,E19000002,E18000009,,E06000045,E05002467
-1.4299694315974,50.9218349196959,SO155NG,10,440164,113759,E92000001,E19000002,E18000009,,E06000045,E05002467
-1.42723539579639,50.9231884213477,SO155NH,10,440355,113911,E92000001,E19000002,E18000009,,E06000045,E05002467
-1.42787306857489,50.9233983780112,SO155NJ,10,440310,113934,E92000001,E19000002,E18000009,,E06000045,E05002467
-1.42447097181859,50.9246855912788,SO155NL,10,440548,114079,E92000001,E19000002,E18000009,,E06000045,E05002467
-1.42478031362255,50.9249838723753,SO155NN,10,440526,114112,E92000001,E19000002,E18000009,,E06000045,E05002467
-1.42685431261012,50.925254856866,SO155NP,10,440380,114141,E92000001,E19000002,E18000009,,E06000045,E05002467
-1.42690315744915,50.9259115585904,SO155NQ,10,440376,114214,E92000001,E19000002,E18000009,,E06000045,E05002467
-1.4264359289059,50.9268804684982,SO155NR,10,440408,114322,E92000001,E19000002,E18000009,,E06000045,E05002467
-1.42613990683481,50.9266541984108,SO155NS,10,440429,114297,E92000001,E19000002,E18000009,,E06000045,E05002467
-1.42560655421235,50.9260580625848,SO155NT,10,440467,114231,E92000001,E19000002,E18000009,,E06000045,E05002467
-1.42585966510895,50.9263021083405,SO155NU,10,440449,114258,E92000001,E19000002,E18000009,,E06000045,E05002467
-1.42653843321546,50.9254871144072,SO155NW,10,440402,114167,E92000001,E19000002,E18000009,,E06000045,E05002467
-1.4251736946368,50.9253904779293,SO155NX,10,440498,114157,E92000001,E19000002,E18000009,,E06000045,E05002467
-1.42526929872407,50.9257146832179,SO155NY,10,440491,114193,E92000001,E19000002,E18000009,,E06000045,E05002467
-1.42602053324759,50.9247921372807,SO155NZ,10,440439,114090,E92000001,E19000002,E18000009,,E06000045,E05002467
-1.41491531786114,50.9106185679606,SO155PA,10,441232,112520,E92000001,E19000002,E18000009,,E06000045,E05002455
-1.43189098131458,50.9229323929861,SO155PB,10,440028,113880,E92000001,E19000002,E18000009,,E06000045,E05002467
-1.43117086903081,50.9236482978309,SO155PD,10,440078,113960,E92000001,E19000002,E18000009,,E06000045,E05002467
-1.43117086903081,50.9236482978309,SO155PE,10,440078,113960,E92000001,E19000002,E18000009,,E06000045,E05002467
-1.43117086903081,50.9236482978309,SO155PF,10,440078,113960,E92000001,E19000002,E18000009,,E06000045,E05002467
-1.43095288970985,50.9228558841285,SO155PG,10,440094,113872,E92000001,E19000002,E18000009,,E06000045,E05002467
-1.43027698279948,50.9234461020569,SO155PH,10,440141,113938,E92000001,E19000002,E18000009,,E06000045,E05002467
-1.43180582769232,50.9240830355121,SO155PJ,10,440033,114008,E92000001,E19000002,E18000009,,E06000045,E05002467
-1.42927445995194,50.9228207147371,SO155PL,10,440212,113869,E92000001,E19000002,E18000009,,E06000045,E05002467
-1.43130184760497,50.9245751767808,SO155PN,10,440068,114063,E92000001,E19000002,E18000009,,E06000045,E05002467
-1.43078373913565,50.925058254351,SO155PP,10,440104,114117,E92000001,E19000002,E18000009,,E06000045,E05002467
-1.43188770557365,50.9220331137312,SO155PQ,10,440029,113780,E92000001,E19000002,E18000009,,E06000045,E05002467
-1.4304375876162,50.9219451157792,SO155PR,10,440131,113771,E92000001,E19000002,E18000009,,E06000045,E05002467
-1.42859985415967,50.9233030177598,SO155PS,10,440259,113923,E92000001,E19000002,E18000009,,E06000045,E05002467
-1.42847700485921,50.9240398124047,SO155PT,10,440267,114005,E92000001,E19000002,E18000009,,E06000045,E05002467
-1.43006808282796,50.923076384706,SO155PU,10,440156,113897,E92000001,E19000002,E18000009,,E06000045,E05002467
-1.42958716149537,50.9240092701771,SO155PW,10,440189,114001,E92000001,E19000002,E18000009,,E06000045,E05002467
-1.42943994075422,50.924413219332,SO155PX,10,440199,114046,E92000001,E19000002,E18000009,,E06000045,E05002467
-1.43075159162494,50.9241948051356,SO155PY,10,440107,114021,E92000001,E19000002,E18000009,,E06000045,E05002467
-1.43004698815711,50.9248028669977,SO155PZ,10,440156,114089,E92000001,E19000002,E18000009,,E06000045,E05002467
-1.43076610986469,50.9253369399239,SO155QA,10,440105,114148,E92000001,E19000002,E18000009,,E06000045,E05002467
-1.42658746218361,50.9272858809523,SO155QB,10,440397,114367,E92000001,E19000002,E18000009,,E06000045,E05002467
-1.42887704079516,50.9250669295935,SO155QD,10,440238,114119,E92000001,E19000002,E18000009,,E06000045,E05002467
-1.4284450248419,50.9243274200898,SO155QE,10,440269,114037,E92000001,E19000002,E18000009,,E06000045,E05002467
-1.42822059405045,50.9252255844383,SO155QF,10,440284,114137,E92000001,E19000002,E18000009,,E06000045,E05002467
-1.42746874421423,50.9250420479175,SO155QG,10,440337,114117,E92000001,E19000002,E18000009,,E06000045,E05002467
-1.43441664780651,50.9246712386292,SO155QH,10,439849,114072,E92000001,E19000002,E18000009,,E06000045,E05002467
-1.43494338634109,50.9246468108289,SO155QJ,10,439812,114069,E92000001,E19000002,E18000009,,E06000045,E05002467
-1.43483082974967,50.925716388855,SO155QL,10,439819,114188,E92000001,E19000002,E18000009,,E06000045,E05002467
-1.4357731188384,50.9254511668657,SO155QN,10,439753,114158,E92000001,E19000002,E18000009,,E06000045,E05002467
-1.43604094238144,50.9256592910756,SO155QP,10,439734,114181,E92000001,E19000002,E18000009,,E06000045,E05002467
-1.43502544250071,50.926095020939,SO155QQ,10,439805,114230,E92000001,E19000002,E18000009,,E06000045,E05002467
-1.43290288013828,50.9263005551774,SO155QR,10,439954,114254,E92000001,E19000002,E18000009,,E06000045,E05002467
-1.43368650302007,50.9262144318945,SO155QS,10,439899,114244,E92000001,E19000002,E18000009,,E06000045,E05002467
-1.4277098427933,50.9239461287467,SO155QT,10,440321,113995,E92000001,E19000002,E18000009,,E06000045,E05002467
-1.41515371120533,50.9154308317214,SO155QU,10,441211,113055,E92000001,E19000002,E18000009,,E06000045,E05002461
-1.43476775495456,50.9250506291013,SO155QW,10,439824,114114,E92000001,E19000002,E18000009,,E06000045,E05002467
-1.43181554007629,50.9267898639997,SO155QX,10,440030,114309,E92000001,E19000002,E18000009,,E06000045,E05002467
-1.43167599942196,50.9265643692789,SO155QY,10,440040,114284,E92000001,E19000002,E18000009,,E06000045,E05002467
-1.43117879009492,50.9264989999448,SO155QZ,10,440075,114277,E92000001,E19000002,E18000009,,E06000045,E05002467
-1.43114367352336,50.9258783375668,SO155RA,10,440078,114208,E92000001,E19000002,E18000009,,E06000045,E05002467
-1.43652077450222,50.9248073078683,SO155RB,10,439701,114086,E92000001,E19000002,E18000009,,E06000045,E05002467
-1.43555418259588,50.9247306985446,SO155RD,10,439769,114078,E92000001,E19000002,E18000009,,E06000045,E05002467
-1.43689959496561,50.9252497740104,SO155RE,10,439674,114135,E92000001,E19000002,E18000009,,E06000045,E05002467
-1.43101783454902,50.9210306958447,SO155RF,10,440091,113669,E92000001,E19000002,E18000009,,E06000045,E05002467
-1.4189762771817,50.9123294660759,SO155RG,10,440945,112708,E92000001,E19000002,E18000009,,E06000045,E05002461
-1.43079858949248,50.9191771440498,SO155RH,10,440108,113463,E92000001,E19000002,E18000009,,E06000045,E05002463
-1.41731972586325,50.9265205935594,SO155RL,10,441049,114287,E92000001,E19000002,E18000009,,E06000045,E05002467
-1.43029317564345,50.9209552214108,SO155RP,10,440142,113661,E92000001,E19000002,E18000009,,E06000045,E05002467
-1.41906173037715,50.912320898626,SO155RQ,10,440939,112707,E92000001,E19000002,E18000009,,E06000045,E05002461
-1.41478131914825,50.9099614324166,SO155RR,10,441242,112447,E92000001,E19000002,E18000009,,E06000045,E05002455
-1.42190057643105,50.9151047249148,SO155RS,10,440737,113015,E92000001,E19000002,E18000009,,E06000045,E05002461
-1.41505468235708,50.9142522984659,SO155RT,10,441219,112924,E92000001,E19000002,E18000009,,E06000045,E05002455
-1.42154164025525,50.9234031553012,SO155RU,10,440755,113938,E92000001,E19000002,E18000009,,E06000045,E05002467
-1.41482782099106,50.9096559151097,SO155RW,10,441239,112413,E92000001,E19000002,E18000009,,E06000045,E05002455
-1.43778061784122,50.925343945465,SO155RX,10,439612,114145,E92000001,E19000002,E18000009,,E06000045,E05002467
-1.41510824169544,50.9111141306586,SO155RY,10,441218,112575,E92000001,E19000002,E18000009,,E06000045,E05002455
-1.41621237389504,50.9092671691185,SO155RZ,10,441142,112369,E92000001,E19000002,E18000009,,E06000045,E05002461
-1.41935606121324,50.9126730761442,SO155SA,10,440918,112746,E92000001,E19000002,E18000009,,E06000045,E05002461
-1.42912909362777,50.926560938506,SO155SD,10,440219,114285,E92000001,E19000002,E18000009,,E06000045,E05002467
-1.43639207015352,50.9260386766653,SO155SE,10,439709,114223,E92000001,E19000002,E18000009,,E06000045,E05002467
-1.43663763483051,50.9257341123415,SO155SF,10,439692,114189,E92000001,E19000002,E18000009,,E06000045,E05002467
-1.43757915515153,50.9255318204731,SO155SG,10,439626,114166,E92000001,E19000002,E18000009,,E06000045,E05002467
-1.43733837043317,50.9254407342372,SO155SH,10,439643,114156,E92000001,E19000002,E18000009,,E06000045,E05002467
-1.43617638246756,50.9250484464525,SO155SJ,10,439725,114113,E92000001,E19000002,E18000009,,E06000045,E05002467
-1.42247400407934,50.9147478566784,SO155SL,10,440697,112975,E92000001,E19000002,E18000009,,E06000045,E05002461
-1.41504918573729,50.9101516205327,SO155SN,10,441223,112468,E92000001,E19000002,E18000009,,E06000045,E05002455
-1.41699938645669,50.9134436934749,SO155SP,10,441083,112833,E92000001,E19000002,E18000009,,E06000045,E05002461
-1.41631270378491,50.9137550055836,SO155SR,10,441131,112868,E92000001,E19000002,E18000009,,E06000045,E05002461
-1.41693525520964,50.9094686197734,SO155SS,10,441091,112391,E92000001,E19000002,E18000009,,E06000045,E05002461
-1.43247341013446,50.9241762083058,SO155SY,10,439986,114018,E92000001,E19000002,E18000009,,E06000045,E05002467
-1.42712739525703,50.918080073427,SO155TA,10,440367,113343,E92000001,E19000002,E18000009,,E06000045,E05002467
-1.42327345229747,50.9156690581571,SO155TE,10,440640,113077,E92000001,E19000002,E18000009,,E06000045,E05002461
-1.41561275805277,50.9162604537871,SO155TU,10,441178,113147,E92000001,E19000002,E18000009,,E06000045,E05002461
-1.41561275805277,50.9162604537871,SO155TW,10,441178,113147,E92000001,E19000002,E18000009,,E06000045,E05002461
-1.41561275805277,50.9162604537871,SO155TX,10,441178,113147,E92000001,E19000002,E18000009,,E06000045,E05002461
-1.41561275805277,50.9162604537871,SO155TY,10,441178,113147,E92000001,E19000002,E18000009,,E06000045,E05002461
-1.41686705514323,50.9228943021618,SO155UQ,10,441084,113884,E92000001,E19000002,E18000009,,E06000045,E05002467
-1.43079858949248,50.9191771440498,SO155UZ,10,440108,113463,E92000001,E19000002,E18000009,,E06000045,E05002463
-1.4153244339018,50.9120234716327,SO155WA,10,441202,112676,E92000001,E19000002,E18000009,,E06000045,E05002455
-1.41457284777863,50.9118398525363,SO155WB,10,441255,112656,E92000001,E19000002,E18000009,,E06000045,E05002455
-1.41486114887754,50.9115355474324,SO155WD,10,441235,112622,E92000001,E19000002,E18000009,,E06000045,E05002455
-1.4153917210841,50.9123295588012,SO155WE,10,441197,112710,E92000001,E19000002,E18000009,,E06000045,E05002455
-1.42633507717315,50.9281389409041,SO155XE,10,440414,114462,E92000001,E19000002,E18000009,,E06000045,E05002467
-1.43079858949248,50.9191771440498,SO155ZL,10,440108,113463,E92000001,E19000002,E18000009,,E06000045,E05002463
